120.2042937,30.29518453,上海银行ATM
120.19375,30.28952312,丰源典当
120.2060264,30.28914375,中国民生银行ATM
120.1970779,30.29487106,上海银行ATM
120.2010445,30.28414135,中国邮政储蓄银行ATM
120.1503118,30.29725061,中国大地财产保险艮山东路营销部
120.1478119,30.29936552,安信证券股份有限公司杭州莫干山路证券营业部
120.1651921,30.29720352,上海银行ATM
120.159241,30.30779016,杭州联合银行钱江分理处
120.1646544,30.30194147,杭州旭鑫投资管理有限公司
120.1503008,30.29728382,杭州国慧投资咨询有限公司
120.1646544,30.30194147,杭州鑫卓投资管理有限公司
120.1605988,30.30635944,交通银行ATM
120.1531189,30.30016579,中国建设银行ATM
120.1304014,30.28897146,浦发银行杭州高新支行
120.1436205,30.27964635,星展银行杭州分行
120.139983,30.28025841,中国平安财产保险浙江分公司客服中心
120.142933,30.28920527,浙江华林投资管理有限公司
120.1428962,30.28237064,浙江立马投资有限公司
120.1309429,30.28310096,广发银行ATM
120.9307257,30.71073007,中国农业银行新丰支行
120.9296641,30.71163304,禾城农村合作银行新丰支行
120.9307257,30.71073007,中国农业银行ATM
120.9312083,30.7106769,中国邮政储蓄银行ATM
120.931928,30.71068311,禾城农村合作银行中兴储蓄所
120.9296072,30.71133101,中国人民财产保险股份有限公司新丰办事处
120.9312083,30.7106769,新丰邮政储蓄所
120.8650411,30.665315,中国邮政储蓄银行ATM
120.8650411,30.665315,凤桥邮政储蓄
120.8632977,30.66507542,禾城农村合作银行凤桥支行
120.86504,30.66539902,中国邮政储蓄凤桥邮政支局
120.8646479,30.66496118,中国农业银行ATM
120.1598957,30.31545401,中国工商银行ATM
120.1555391,30.31131962,中国工商银行ATM
120.1491728,30.31580879,中国工商银行ATM
120.1536603,30.29917999,深圳发展银行ATM
120.1467627,30.30228024,中国邮政储蓄银行观音桥支行
120.1682058,30.30206744,中国建设银行ATM
120.1654423,30.30935907,中航证券杭州营业部
120.1530646,30.30026479,财通证券草营巷营业部
120.1648593,30.29983651,德胜邮政储蓄所
120.1657454,30.30949992,中国银行ATM
120.1401518,30.2786435,杭州华山投资担保有限公司
120.1425214,30.2800921,行子瑞图投资管理有限公司
120.1399326,30.28146598,金瑞投资控股集团有限公司
120.1431077,30.27938382,浙江勤信房地产土地估价有限公司
120.1399225,30.28137016,英迈投资有限公司
120.1313664,30.283098,中国建设银行华星支行
120.1427997,30.28250701,英大泰和人寿保险股份有限公司浙江分公司
120.1401518,30.2786435,杭州九霖投资咨询有限公司
120.1428962,30.28237064,杭州长隆投资管理有限公司
120.1250377,30.27872731,杭州联合银行古荡支行营业厅
120.2308341,30.26057404,中国银行杭州天元支行
120.2159043,30.27623324,广发银行ATM
120.2139943,30.26705172,澳大利亚国际投资控股有限公司
120.2141777,30.26774815,国信期货杭州营业部
120.1511493,30.29654674,中国人寿保险股份有限公司杭州市分公司湖墅支公司
120.1603124,30.2843786,中投证券杭州文晖路营业部
120.2638599,30.19191449,金运投资
120.2617631,30.18810326,杭州银行萧山支行ATM取款机
120.2768958,30.19102031,长安责任保险股份有限公司萧山营销服务部
120.2626449,30.18845305,浙江省直房地产资产评估有限公司
120.2673065,30.18790495,中国建设银行萧山金城路支行
120.2722849,30.18646567,中国大地财产保险股份有限公司萧山支公司
120.2623338,30.18844938,南华期货有限公司萧山营业部
120.267842,30.18669231,浙商期货公司萧山营业部
120.2693304,30.18374149,浙商证券
120.2770046,30.18670839,中国银行ATM
120.1915972,30.25556415,中国工商银行城站支行
120.1915972,30.25556415,中国工商银行ATM
120.1966465,30.25178988,中国工商银行ATM
120.2010445,30.25235579,中国银行ATM
120.1962005,30.25722991,中国邮政储蓄银行凯旋路支行
120.2004411,30.25203501,杭州银行四季青支行
120.4893681,30.07649184,中国银行绍兴柯桥支行
120.4940952,30.0720654,中国农业银行绍兴县支行港越分理处
120.4851154,30.07624338,招商银行ATM
120.4941022,30.07635027,兴发典当
120.4917012,30.07233137,中国工商银行ATM
120.4839207,30.08136014,中国银行ATM
120.4933617,30.07669741,中国建设银行ATM
120.20027,30.26350303,中国农业银行ATM
120.203978,30.27564096,中国邮政储蓄银行ATM
120.4976036,30.07460642,中国建设银行绍兴县支行
120.486628,30.07103244,中国银行绍兴轻纺城西市场支行
120.4922546,30.07493778,中国农业银行港越储蓄所
120.4919992,30.08390537,中国人民财产保险股份有限公司绍兴分公司柯桥营业部
120.4898243,30.06925911,中国工商银行ATM
120.4859241,30.08615437,绍兴县农村合作银行ATM
120.4892199,30.0764963,中国银行ATM
120.4778732,30.08379529,绍兴中国轻纺城拍卖公司
120.4977312,30.07654161,天业典当
120.4954848,30.07329595,中国银行柯桥支行
120.4954848,30.07329595,中国银行ATM
120.4794749,30.07869819,中信金通证券万商路营业厅
120.4833294,30.0811206,中国建设银行ATM
120.2097757,30.26314368,中国工商银行(自动柜员机)
120.2002706,30.26299099,中国工商银行(浙江省分行浙江省分行营业部庆春路支行庆春东路支行)
120.1919468,30.27005514,中国工商银行(浙江省分行浙江省分行营业部庆春路支行红会储蓄所)
120.206438,30.27267148,兴业银行(杭州分行零售事业部)
120.1917884,30.26405366,杭州国泰投资股份有限公司
120.1981743,30.27089745,中国建设银行(atm)
120.1990963,30.26674744,益友母婴分行
120.155198,30.27840069,杭州银行西湖支行
120.1509347,30.2838839,中国工商银行文三路支行
120.153575,30.29088151,杭州应氏投资咨询有限公司
120.1618226,30.28062938,杭州银行市府公司业务发展部
120.1658069,30.28122896,广发证券
120.199629,30.26050673,中国工商银行双菱支行
120.2030528,30.26575171,中国工商银行南肖埠支行
120.2023099,30.26896852,杭州联合银行四季青支行庆春分理处
120.2100584,30.2730456,中国工商银行(浙江省分行浙江省分行营业部城东支行景芳支行)
120.2030488,30.26579468,中国工商银行(浙江省分行浙江省分行营业部城东支行南肖埠支行)
120.5745836,30.00154185,中国工商银行偏门支行
120.489566,30.07347996,鸿洁调剂商行
120.497719,30.07914111,壹波调剂商行
120.489292,30.07644504,日升调剂商行
120.1499633,30.28415421,浙江国信典当高新分公司
120.1613974,30.28415881,杭州二十一世纪投资管理有限公司
120.1511527,30.28387197,操盘手演示中心
120.1562786,30.28086227,杭州武林股份经济合作社
120.2057807,30.26010846,中国邮政储蓄银行玉荷储蓄所
120.20027,30.26350303,中国农业银行庆春支行
120.2113555,30.26672061,浙江广业典当行
120.2033365,30.26359052,南京证券有限责任公司杭州庆春东路证券营业部
120.2023033,30.26536609,中国银行ATM
120.2109852,30.27344834,交通银行ATM
120.1997801,30.26891565,华夏银行ATM
120.199629,30.26050673,中国工商银行ATM
120.1999779,30.26351044,广发银行庆春支行
120.2027264,30.26898544,中国民生银行城东支行
120.1360147,30.27530591,杭州宝嘉投资管理有限公司
120.1457877,30.27170505,杭州浙财投资投资管理有限公司
120.145516,30.27493445,珠海蓝琴科技投资有限公司
120.1457877,30.27170505,浙江悦欣投资有限公司
120.1380551,30.27049111,杭州鹏达投资有限公司
120.1378564,30.27060566,中国工商银行(开元支行本级业务部)
120.1407749,30.27783962,绿谷国际能源投资(北京)有限公司
120.1380551,30.27049111,上海通卡投资管理有限公司
120.1394157,30.27797006,中国信用卡吧
120.1380551,30.27049111,中国工商银行开元支行业务部
120.5781081,30.00174288,中国银行ATM
120.5755738,30.00148164,绍兴银行ATM
120.5805707,30.00296642,中国农业银行ATM
120.5766666,30.01041443,中国建设银行ATM
120.5794248,30.01061677,绍兴银行ATM
120.5786828,30.00025941,交通银行绍兴文锦支行
120.59397,30.00031431,招商银行(越兴支行)
120.5883252,30.00988191,渤海银行绍兴支行
120.588059,30.01160315,浙商证券解放路营业部
120.5941023,30.0065503,绍兴恒信合作银行营业部
120.1667992,30.2714857,中国工商银行ATM
120.1563096,30.27071662,杭州银行保俶支行
120.1468836,30.27484642,交通银行杭大路支行
120.1612153,30.27672158,中国农业银行西湖支行中心储蓄所
120.1474872,30.27518334,中国建设银行杭大路分理处
120.1563163,30.2743937,中国建设银行宝石支行
120.1505672,30.28345953,中国农业银行ATM
120.1683224,30.27946171,渣打银行ATM
120.1484556,30.29501957,中国工商银行文一路支行
120.1683224,30.27946171,渣打银行武林支行
120.1526891,30.2932454,嘉华典当
120.1484556,30.29501957,中国工商银行ATM
120.1652463,30.29388139,杭州银行ATM
120.152041,30.2932723,民泰商业银行杭州分行
120.1652463,30.29388139,杭州银行春晖支行
120.1641489,30.28082111,上海联合产权交易所杭州分所
120.1662103,30.27434746,中国银行ATM
120.1472652,30.27582007,华夏银行ATM
120.1537492,30.2739827,杭州银行北山支行
120.1610275,30.27650201,中国建设银行运河支行
120.1605342,30.276164,中国工商银行体育场路支行
120.1604072,30.27578662,杭州宏图金融投资有限公司
120.1658422,30.28026839,平安健康保险浙江分公司
120.1569991,30.29463259,浙江华业拍卖有限公司
120.5832711,30.00262558,中国人民财产保险绍兴分公司
120.5652359,30.00445703,中国工商银行ATM
120.5791027,30.00004626,偏门邮政所邮政储蓄
120.5772721,30.00088378,中国银行ATM
120.5789666,30.00922688,绍兴市世搏拍卖有限公司
120.5769057,30.01052405,中国邮政储蓄银行府山桥储蓄所
120.5718336,30.01055047,绍兴市曹娥江大闸投资开发有限公司
120.5785204,30.00889631,绍兴市土地评估中心有限公司
120.5793502,30.01066838,绍兴银行小企业贷款中心
120.8741895,30.03680398,上虞农村合作银行后郭分理处
120.8877781,30.0338692,中国工商银行(自动柜员机)
120.1640249,30.27829247,中信银行二十四小时自助银行
120.1673861,30.29268854,宁波银行ATM
120.1583337,30.29045249,浙江邦盟汇骏投资有限公司
120.1603505,30.28824539,浙江逸龙投资控股有限公司
120.1648228,30.26792127,法国兴业银行杭州分行
120.1681842,30.27428196,杭州远洋投资管理有限公司
120.1471859,30.27506841,光大永明人寿保险有限公司客户服务中心
120.1538455,30.27281191,杭州信联资产评估公司
120.1547564,30.27132382,海威集嘉典当公司
120.1606909,30.27628315,浙江永邦典当有限责任公司
120.1511409,30.27249455,中国光大银行ATM
120.1481308,30.2741845,中国工商银行ATM
120.160943,30.2778425,中国银行ATM
120.1534337,30.27349255,上海银行ATM
120.5764892,30.01431492,交通银行(离行式 府山西路102号)
120.5768065,30.01304672,中国银行绍兴武勋坊支行
120.5703031,30.01656184,中国平安人寿绍兴中心支公司震元部
120.5703031,30.01656184,绍兴保险公司
120.8813785,30.03613912,中国工商银行股份有限公司上虞支行江扬路分理处
120.8890973,30.03593698,恒利寄售商行
120.2949682,30.17183423,寄卖商行
120.1313414,30.28308412,杭州奥尔高投资咨询有限公司
120.1301283,30.28694278,浙江德谦控股有限公司
120.1313414,30.28308412,浙江华虹控股集团有限公司
120.1403803,30.28935347,财务领导人俱乐部浙江服务中心NIA浙江服务中心
120.1401257,30.2787518,杭州市西湖区灵隐街道庆丰股份经济合作社
120.1320051,30.28916192,杭州新辰数字设备有限公司
120.143152,30.2783012,浙江求是投资有限公司
120.1409464,30.29663078,翠苑街道保亭股份经济合作社
120.1307735,30.28029895,杭州古荡湾股份经济合作社杭州华星集团公司
120.1336367,30.2831907,香港德朗国际控股有限公司
120.9481999,30.53616263,中国平安财产保险海盐分公司
120.945596,30.53195999,中国人民财产保险海盐支公司
120.9557336,30.52751826,中国银行ATM
120.9438416,30.53202361,海盐县农村信用社ATM
120.9430164,30.53677594,中国建设银行ATM
120.942446,30.52747829,中国农业银行百尺路储蓄所
120.9505977,30.53150109,中国建设银行开发区支行
120.9429907,30.528745,中国工商银行电力分理处
120.9526704,30.5274758,嘉兴市商业银行(秀水支行)
120.942886,30.52786714,中国农业银行海盐县支行百尺路储蓄所
120.9481139,30.51437362,浙江安倍保险代理公司海盐分公司
120.9521972,30.51543819,汇丰投资事务所
120.9398224,30.51880545,中信金通证券有限责任公司嘉兴吉杨路证券营业部海盐证券服务部
120.9410194,30.52350253,中国邮政储蓄银行ATM
120.9456979,30.51706821,海盐武原农村信用合作社富亭分社
120.9553413,30.52102293,泰康人寿保险
120.9530101,30.52067434,中国建设银行ATM
120.9471935,30.51852095,农村信用合作联社ATM
120.9420741,30.52186811,中国建设银行ATM
120.9541181,30.51875855,中国建设银行ATM
120.2019283,30.2462211,中国农业银行华东家具市场ATM取款机
120.1984152,30.24604163,中国民生银行(好又多上乘店)
120.1986303,30.24384951,中国农业银行采荷支行
120.205901,30.24390177,中国农业银行钱江新城支行ATM取款机
120.1995988,30.25200756,杭州联合银行(四季青支行杭海分理处)
120.1912191,30.25600245,华夏银行解放路ATM取款机
120.2068116,30.25658362,浙江省农村信用合作社联合社基建办
120.1379296,30.27043785,广发银行黄龙支行
120.1363755,30.27750761,华夏银行西溪支行
120.1363123,30.27737319,中国民生银行天目山支行
120.0540868,30.46086305,德清农村合作银行杨坟分理处
120.0967057,30.44937456,余杭农村合作银行仁和信用社
120.0921112,30.45059015,中国邮政仁和邮政储蓄所
120.0915619,30.45001209,中国农业银行仁和支行
120.0967802,30.44942398,农村合作银行仁和支行
120.090896,30.44987588,余杭农村合作银行仁和分理处
120.122327,30.46130042,仁和农村信用合作社
120.122349,30.46141653,中国农业银行东塘分理处
120.122158,30.46099566,余杭农村合作银行东塘分理处
120.1474633,30.46695405,新桥农村信用合作社
120.1476219,30.46708237,余杭农村合作银行新桥分理处
120.1982459,30.46337525,余杭农村合作银行丁河分理处
120.1700796,30.45154748,塘栖中心农村信用合作社宏磻分社
120.1699492,30.45098732,余杭农村合作银行宏畔分理处
120.2276406,30.46422412,余杭农村合作银行港北分理处
120.2643255,30.46513011,中节能(杭州)环保投资有限公司
120.3244848,30.44951575,交通银行(离行式 余杭华鼎集团公寓)
120.3082753,30.45033073,中国建设银行(杭州余杭城北支行)
120.4868992,30.06986867,中国农业银行ATM
120.7134098,30.99986271,中国农业银行黎里支行
120.7130871,30.99864883,中国人民财产保险公司吴江市支公司黎里营销服务部
120.7139654,30.9985863,中国邮政储蓄银行ATM
120.9830867,30.98111213,丁栅农村信用合作社俞汇分社
120.982988,30.98067241,中国邮政储蓄俞汇邮政储蓄所
120.9830336,30.98116182,嘉善农村合作银行ATM
120.9830336,30.98116182,嘉善农村合作银行俞汇分行
120.1058695,30.86520526,中国工商银行湖州潮音桥支行
120.0988642,30.87059198,中国工商银行湖州电力分理处
120.0921164,30.86923882,湖州宇宙投资管理咨询有限公司
120.100136,30.88171775,中华联合财产保险股份有限公司湖州中心支公司业务出单中心
120.0977164,30.87839247,渤海财产保险股份有限公司湖州中心支公司
120.0957713,30.87085948,永诚保险
120.0996226,30.86801397,中国人寿财产保险湖州中心支公司
120.0940406,30.88145578,中国邮政储蓄银行ATM
120.0988522,30.87050868,中国工商银行ATM
120.0996126,30.86792276,中信银行ATM
120.0993587,30.86749298,中国建设银行ATM
120.665934,30.90528512,中国建设银行(苏州市吴江盛泽支行专柜)
120.6585583,30.9088925,恒丰投资发展有限公司
120.6524176,30.90551983,中国银行吴江盛泽广场支行
120.6590118,30.90838939,交通银行(吴江盛泽大街支行(临时停业))
120.6639412,30.90446742,中国农业银行(谭丘支行)
120.6589707,30.90934424,盛泽金融中心
120.6582991,30.90374693,中国东方丝绸市场交易所
120.658864,30.90388853,吴江市高仕抵押贷款咨询服务有限公司
120.6531093,30.90603906,众人众投保公司
120.6532107,30.90890706,苏州盛世地产投资集团
120.7411965,30.74803487,嘉兴嘉昊九鼎投资中心
120.7469712,30.73796643,中国银行ATM
120.1659173,30.16947808,中信银行ATM
120.1596078,30.16680737,杭州联合银行ATM
120.164799,30.17968861,中信银行ATM
120.1558676,30.16434173,中国人寿保险滨江支公司
120.1520037,30.18242983,浙江天虎投资有限公司
120.1660685,30.17958839,中国工商银行高教园区分理处
120.1705189,30.17097709,杭州联合银行ATM
120.1824225,30.16864301,浦沿农村信用合作社浦沿服务站
120.1697327,30.17144621,上海浦东发展银行ATM
120.1717314,30.16730921,中国建设银行ATM
120.1696488,30.17235228,杭州农村合作银行冠山分理处
120.1826726,30.16868001,浦沿农村信用合作社浦东服务站
120.1696768,30.17236782,杭州联合农村合作银行ATM
120.1892878,30.17388895,长河农村信用合作社长一服务站
120.1718418,30.1673847,上海浦东发展银行ATM
120.1808773,30.16743465,萧山农村信用合作银行山二办事处
120.2546819,30.17697299,中国银行ATM
120.2445038,30.18043047,萧山农村合作银行湘湖分理处
120.2546819,30.17697299,中国银行萧山支行湘湖分理处
120.2360566,30.17583241,萧山农村合作银行湖头陈分理处
120.2529731,30.16422339,中国工商银行(自动柜员机)
120.2524887,30.16438826,中国建设银行(atm)
120.7998432,30.1746243,七盛投资开发公司
120.1571335,30.19139872,杭州银行ATM
120.1657421,30.19376995,中国银行ATM
120.1555133,30.18699738,农村合作银行浦沿支行之江分理处
120.2804134,30.19084066,中国人民财产保险股份有限公司金惠路营销服务部
120.7071292,30.75269247,嘉兴物流产业投资管理公司
120.7173442,30.76287038,桐乡华尔担保投资公司嘉兴分公司
120.7173582,30.76892872,中信银行ATM
120.7144779,30.76827221,中信银行ATM
120.7139561,30.76879118,中国邮政储蓄银行新洲路邮政储蓄所
120.7166883,30.76403034,中国建设银行ATM
120.7167771,30.76409116,海通证券中山西路营业部
120.7045403,30.76284276,中国建设银行ATM
120.7172728,30.76981687,中国农业银行ATM
120.6976267,30.76295952,中国工商银行ATM
120.6788243,30.75615351,中信银行ATM
120.6927036,30.7622793,禾城农村信用社ATM
120.6819946,30.76370296,中国农业银行
120.6805527,30.76270397,中国农业银行ATM
120.6913642,30.76173656,禾城农村合作银行ATM
120.6900789,30.76253819,中国邮政储蓄银行ATM
120.6900789,30.76253819,象贤邮政储蓄
120.7470085,30.76864294,嘉兴市宏业担保有限公司
120.7451619,30.75594985,文昌路邮政储蓄所
120.7556396,30.76041226,嘉兴银行小企业贷款中心
120.7558972,30.75857349,中国平安易贷险
120.7500146,30.76698539,嘉兴市交通投资集团有限责任公司
120.7525391,30.76893121,嘉兴财汇投资咨询有限公司
120.7558972,30.75857349,金石投资
120.7470606,30.76703535,安信证券股份有限公司嘉兴中山东路证券营业部
120.7562092,30.76409116,中国工商银行个人贷款中心
120.1489733,30.32633223,中国工商银行(浙江省分行浙江省分行营业部拱宸支行)
120.1488976,30.32307071,广东发展银行(24小时自助银行)
120.1491091,30.32275141,中国建设银行(拱宸桥支行)
120.1488557,30.32518311,杭州一波投资管理有限公司
120.1647028,30.3241752,兴业银行(杭州分行零售事业部)
120.1519535,30.31981072,杭州安信保险公估有限公司
120.1525939,30.33110273,联合银行(湖州街支行)
120.1475879,30.31610434,招商银行(锦昌文华自助)
120.1628677,30.27847679,杭州商帮投资咨询工作室
120.1572737,30.28534514,浙江伟运实业投资咨询公司
120.1582101,30.27969211,余庆投资
120.1658705,30.29549753,中国工商银行ATM
120.1536267,30.29159641,交通银行ATM
120.1651389,30.29385215,杭州市商业银行春晖公司业务发展部
120.1608043,30.2851305,中国农业银行湖墅支行ATM取款机
120.1576254,30.27855211,中国工商银行杭州保俶支行自动取款机
120.1596043,30.29226039,杭州南誉投资咨询有限公司
120.1587994,30.2911656,平安证券有限责任公司
120.4647345,30.19054371,杭州银行瓜沥支行
120.178002,30.19023217,中国农业银行高新支行
120.7980775,30.7913008,中国工商银行ATM
120.6889668,30.76272934,嘉兴银行ATM
120.6828319,30.75234799,中国农业银行ATM
120.6789719,30.75656323,中信银行二十四小时自助ATM
120.7963149,30.75556526,南湖区交通建设投资公司
120.7994262,30.76533566,嘉兴市银行城东支行
120.7952269,30.76310738,嘉兴银行城东支行
120.8032585,30.75832895,中国银行ATM
120.7894235,30.75831134,中国邮政储蓄银行南湖储蓄所
120.7893936,30.75440528,中国建设银行ATM
120.1597617,30.30818395,联合农村合作银行上塘支行钱江分理处
120.1646544,30.30194147,杭州裕凯投资管理有限公司
120.1492844,30.31554286,中国银行ATM
120.1512965,30.30017514,中国工商银行二十四小时自助银行
120.1530646,30.30026479,杭州湖墅南路证券营业部
120.1471504,30.3022348,中国农业银行ATM
120.1487248,30.31582952,交通银行ATM
120.1555069,30.31351661,交通银行ATM
120.1595274,30.32436403,中国民生银行ATM
120.1561987,30.32447633,中国建设银行ATM
120.1484218,30.32677371,杭州银行ATM
120.1484218,30.32677371,杭州银行拱宸桥支行
120.1655639,30.32207306,杭州联合银行上塘支行灯具市场分理处
120.1629393,30.3182391,上海浦东发展银行(建华五金市场)
120.1551873,30.3169708,中国工商银行(浙江省分行浙江省分行营业部半山支行上塘北路支行)
120.1575561,30.32447478,上海浦东发展银行(离行式自助银行)
120.1522779,30.33405842,中国工商银行(浙江省分行浙江省分行营业部拱宸支行蚕花园储蓄所)
120.1575561,30.32447478,上海浦东发展银行(树人大学北)
120.2596931,30.87489923,中创投资
120.2596792,30.87595345,信诚典当行
120.2627173,30.87606952,中国农业银行ATM
120.2644187,30.87688057,湖州银行ATM
120.2644187,30.87688057,湖州银行织里支行
120.2595425,30.87841099,泰康人寿织里服务部
120.2708791,30.87225624,阿仲兴隆粮油分行
120.2680497,30.87680688,大众保险织里服务部
120.2644378,30.87595228,中国银行织里分理处
120.2621534,30.87667547,湖州嘉诚投资管理有限公司
120.9407111,30.84058426,中国建设银行施家南路支行
120.9387784,30.8350877,中国工商银行ATM
120.9387138,30.83522654,中国工商银行(自动柜员机)
120.9495224,30.84026288,中国工商银行(自动柜员机)
120.9406758,30.83893425,众合担保
120.105505,30.86932251,湖州银行ATM
120.1098375,30.87359898,中国农业银行ATM
120.122227,30.87598049,中国建设银行ATM
120.1807943,30.23827909,中国人民财产保险杭州分公司第三营业部
120.1821061,30.23947682,中国邮政储蓄银行望江门邮政储蓄所
120.1804738,30.23624648,中国工商银行ATM
120.181715,30.23992572,上海浦东发展银行ATM
120.1805664,30.23664001,中国建设银行ATM
120.1804738,30.23624648,中国工商银行江城支行
120.1167679,30.8631368,中国邮政储蓄银行浙江省湖州市南墩营业所
120.1191778,30.85757434,中国邮政储蓄银行南墩邮政储蓄所
120.9099109,30.8464838,嘉善县农村信用合作联社凤桐农村信用合作社
120.909963,30.84649,农村信用合作社ATM
120.9098022,30.84659743,嘉善农村合作银行ATM
120.9062573,30.85135369,嘉善县魏塘镇庄港村经济合作社
120.9098022,30.84659743,嘉善农村合作银行凤桐支行
120.2637045,30.86004747,中国工商银行ATM
120.2645849,30.86449911,南浔农村合作银行二十四小时自助银行
120.269391,30.86401073,中国银行ATM
120.2662852,30.84736029,吴兴农村合作银行晟舍分理处
120.2661989,30.84735572,农村合作银行织里支行晟东分理处
120.9423975,30.85401942,嘉兴商业银行嘉善支行
120.9543854,30.8605551,城桥邮政所邮政储蓄
120.9419119,30.84892544,魏塘农村信用合作社城东分社
120.9418073,30.84891552,嘉善农村合作银行城东分行
120.942158,30.85131044,中国建设银行ATM
120.9418073,30.84891552,嘉善农村合作银行ATM
120.9425237,30.850721,中国工商银行ATM
120.9403237,30.84927005,中国建设银行慈山分理处
120.9425237,30.850721,中国工商银行施家路分理处
120.2042432,30.25142769,招商银行ATM
120.1920387,30.25566445,华夏银行解放支行
120.2509708,30.24630759,宁围农村信用合作社
120.2709126,30.24168347,宁围农村信用合作社盈一服务站
120.2667991,30.24024521,中国邮政储蓄银行ATM
120.2667991,30.24024521,中国邮政储蓄银行杭州市萧山区宁围镇盈丰支行
120.2668737,30.24043905,宁围农村信用合作社盈丰分社
120.2665372,30.25139953,浙江凌飞宅业投资集团有限公司
120.26468,30.24064107,中国农业银行ATM
120.26468,30.24064107,中国农业银行盈丰分理处
120.2741423,30.25582082,萧山农村合作银行盈二服务站
120.2970117,30.24392103,萧山农村合作银行ATM
120.2977207,30.24226644,萧山农村合作银行二桥分理处
120.2967882,30.24681184,中国工商银行ATM
120.2967882,30.24681184,中国工商银行二桥分理处
120.2890846,30.24597104,盈丰农村信用合作社
120.0397211,30.24302007,余杭农村合作银行荆山分理处
120.0471148,30.25201442,余杭农村合作银行ATM
120.0378891,30.25062522,中国工商银行(自动柜员机)
120.0473619,30.2487338,余杭农村合作银行五常支行
120.0414103,30.2502911,余杭农村合作银行(五常支行荆山分理处)
120.2745033,30.22508886,萧山农村合作银行ATM
120.2758849,30.22509799,交通银行萧山市北支行
120.2688824,30.22170255,萧山农村合作银行宁围支行利二分理处
120.0994643,30.86776901,中信银行湖州小企业金融业务中心
120.0911143,30.87677875,湖州中小企业担保中心公司
120.0996226,30.86801397,大众保险股份有限公司
120.0900382,30.87784527,中国人民财产保险公司
120.2692362,30.86236213,中国邮政储蓄银行织里镇支行
120.2662672,30.84744261,吴兴农村合作银行ATM
120.2695016,30.86415379,中国银行吴兴支行
120.2649164,30.85013279,晟舍村经济合作社
120.2692362,30.86236213,中国邮政储蓄银行ATM
120.9777859,30.84787883,中国邮政储蓄银行ATM
120.9688584,30.85152707,中国工商银行ATM
120.9829762,30.86203982,中国建设银行ATM
120.1161525,30.87266105,金股典当
120.1071598,30.87255504,中国银行ATM
120.1134365,30.86773329,浙江省工商信托投资股份有限公司
120.1047075,30.86699771,中国人民财产保险股份有限公司湖州市吴兴支公司第四营业部
120.110888,30.87034068,湖州华诚拍卖有限公司
120.1049025,30.87217155,宏杰投资咨询有限公司
120.1069401,30.8754356,湖州浙北拍卖行有限公司
120.1058698,30.87059182,中国工商银行湖州分行营业部
120.1140601,30.87231087,浙融担保投资公司
120.1128252,30.87453124,泰康人寿保险湖州中心支公司
120.1676345,30.25374949,方正证券杭州南山路证券营业部
120.1660637,30.24520355,中国工商银行ATM
120.1660637,30.24520355,中国工商银行柳莺支行
120.167113,30.24518748,中国建设银行河坊街储蓄所
120.1668143,30.24511799,杭州银行南山支行
120.1677938,30.2452537,杭州银行ATM
120.167113,30.24518748,中国建设银行ATM
120.1680684,30.25507703,中国光大银行ATM
120.1374553,30.27056682,中国工商银行开元支行
120.1359325,30.27552065,华宝证券
120.1427406,30.2761201,杭州市商业银行
120.1430313,30.27245182,兴业银行
120.1460051,30.2747077,远达投资有限公司杭州办事处
120.1366843,30.27716969,浙江现代商标代理服务有限公司
120.2952202,30.24768859,中国人民财产保险萧山人保驻传化物流基地理赔服务中心
120.3160977,30.24373056,中国邮政储蓄银行杭州市萧山区钱农东路营业所
120.3138729,30.25139049,中国工商银行ATM
120.3071088,30.25179784,中国建设银行ATM
120.3073105,30.25155287,中国民生银行ATM
120.3142409,30.25099101,中国农业银行ATM
120.4433289,30.24078912,中国银行ATM
120.4425689,30.24107725,东亚银行ATM
120.4437138,30.24015465,东亚银行ATM
120.4433289,30.24078912,中国银行机场分理处
120.0486675,30.24746911,中国人民财产保险公司
120.088775,30.874657,百乐源生态农林投资公司
120.095412,30.87080369,湖州永邦担保有限公司
120.0886729,30.86589667,香港东利国际投资集团公司
120.0978826,30.8774246,湖州市农信担保有限公司
120.0928666,30.87999887,华泰人寿保险股份有限公司湖州中心支公司
120.1574118,30.86564427,誉华科技投资担保有限公司
120.3638006,30.32533415,浙江金融职业学院保险系
120.3522592,30.32172321,中国工商银行(自动柜员机)
120.3452117,30.32024164,杭州联合银行(下沙支行高沙分理处)
120.1442119,30.27783564,鑫辰创业
120.1353271,30.27414691,兴业银行ATM
120.1376664,30.27227178,联大担保有限公司
120.1593969,30.27651309,宝汇金融
120.1607773,30.27632759,上海中财期货经济公司杭州营业部
120.1669855,30.27614287,中信银行杭州天水小企业金融业务中心
120.1680658,30.26705328,浙江国际金融学会企业投融资服务中心
120.1471969,30.27623324,财通证券
120.1512032,30.27258641,中国光大银行杭州出国金融服务中心
120.1471859,30.27506841,飞利浦投资有限公司杭州办事处
120.1561591,30.26840224,杭州工业资产集团
120.1669794,30.27600198,中信银行ATM
120.1486557,30.2716914,中信银行ATM
120.2177684,30.2762486,兴业银行ATM
120.2173621,30.26677933,招商银行ATM
120.2657758,30.16609296,萧山农村合作银行崇化分理处
120.2725624,30.17074534,中国农业发展银行萧山支行
120.2745646,30.16603996,中国建设银行萧山新世纪广场支行
120.280876,30.15063058,中国农业银行萧山南江支行
120.2827579,30.16322036,中国邮政储蓄银行ATM
120.2789545,30.15924719,中国邮政储蓄银行ATM
120.2828469,30.15067297,萧山农村合作银行南环分理处
120.0954558,30.34290394,中国建设银行ATM
120.0993939,30.35167549,中国工商银行ATM
120.0998029,30.34503523,交通银行ATM
120.0929269,30.33987823,中国银河证券古墩路营业部
120.0925272,30.34169892,余杭农村合作银行亲亲家园分理处
120.092354,30.34148066,招商银行(亲亲家园自助)
120.0997322,30.33799844,交通银行(离行式 三墩婚庆街自助)
120.0956746,30.33873083,"交通银行(离行式 三墩幸福里自助(验收中,未正式使用))"
120.0997921,30.34515374,交通银行(离行式 余杭金家渡)
120.2085008,30.07286332,中国邮政储蓄银行ATM
120.2088783,30.07281284,中国工商银行义桥分理处
120.2099362,30.07322743,萧山农村合作银行ATM
120.2085008,30.07286332,义桥邮政储蓄所
120.2082061,30.07289121,义桥农村信用合作社东方路储蓄所
120.2108393,30.07305873,中国农业银行义桥支行
120.2109478,30.07306373,中国农业银行ATM
120.2088783,30.07281284,中国工商银行ATM
120.2008005,30.07689969,萧山农村合作银行
120.2098298,30.07308256,萧山农村合作银行义桥支行
120.7061105,30.07407073,孙端邮政储蓄
120.7062998,30.07291215,中国工商银行袍江支行孙端分理处
120.7062998,30.07291215,中国工商银行ATM
120.7061105,30.07407073,中国邮政储蓄银行ATM
120.7066693,30.07284621,中国农业银行孙端分理处
120.707065,30.07252374,绍兴县农村合作银行孙端支行
120.8482039,30.09926231,崧厦邮政储蓄
120.8472751,30.09132763,绍兴银行滨海支行
120.846013,30.08845526,上虞市鸿镖投资有限公司
120.8468364,30.08991903,新发投资有限公司
120.8491302,30.09539418,上虞农村合作银行同仁储蓄所
120.5371743,30.08150093,绍兴市区农村信用合作联社强头分社
120.5371865,30.08117279,绍兴恒信合作银行强头分理处
120.5372263,30.08019461,中国农业银行强头储蓄所
120.4944559,30.08291933,中国平安财产保险股份有限公司
120.4956885,30.07514968,绍兴县绍能电力投资公司
120.4973944,30.07425364,绍兴县农村合作银行营业部
120.9403101,30.52243843,中国银行百尺桥分理处
120.9548796,30.52069596,中国农业银行虹桥储蓄所
120.9498633,30.51735,中国人民银行海盐办事处
120.9390963,30.52203206,中国工商银行(自动柜员机)
120.9477089,30.52085105,中国建设银行(嘉兴海盐支行营业部)
120.9461468,30.52270146,中国工商银行(浙江省分行嘉兴分行海盐海滨支行)
120.9558358,30.51993049,中国工商银行(浙江省分行嘉兴分行海盐支行营业部)
120.9558358,30.51993049,中国工商银行(海盐支行本级业务部)
120.2805446,30.3272978,余杭农村合作银行ATM
120.2805446,30.3272978,余杭农村合作银行胜稼分理处
120.2902413,30.32126004,中国建设银行(德胜东路支行)
120.2895992,30.3277968,余杭农村合作银行(乔司支行胜稼分理处)
120.1997705,30.32988969,中国民生银行ATM
120.2033725,30.32941697,上海浦东发展银行(浙江三彩服饰)
120.2000362,30.31850347,兴业银行(杭州分行零售事业部)
120.1948011,30.3204767,交通银行(离行式 汇丰街1号)
120.1948011,30.3204767,交通银行(离行式 汇丰街2号)
120.2009568,30.32966564,石桥街道杨家经济合作社
120.3406629,30.32182913,中国农业银行ATM
120.3441071,30.32205327,中国农业银行ATM
120.3430339,30.32198328,杭州下沙工业投资有限公司
120.3437163,30.32167855,上海浦东发展银行下沙传媒学院ATM取款机
120.2621199,30.18755953,中国建设银行ATM
120.2617085,30.19163113,杭州顺业投资咨询管理有限公司
120.2687429,30.18464644,光大永明人寿保险公司
120.2626449,30.18845305,杭州企业担保有限公司
120.2663536,30.19191855,立大典当
120.2656741,30.1867119,杭州巨盛投资有限公司
120.2770046,30.18670839,中国银行杭州萧山北干支行
120.2916354,30.17006476,杭州龙海投资咨询有限公司
120.2841459,30.17065487,杭州恒晟实业投资有限责任公司
120.1372725,30.26501104,上海银行ATM
120.1242674,30.28833302,浙江钛和投资管理有限公司
120.1093973,30.29303203,浙江九久担保有限公司
120.1138896,30.28217385,兴业银行(杭州分行零售事业部)
120.1126372,30.28256572,中国建设银行(atm)
120.120549,30.28864635,中国建设银行(文西支行60)
120.1057479,30.28845277,浙江九泓投资管理有限公司
120.1094023,30.28797837,中国银行(德迦支行)
120.1202211,30.28300374,维瑞康投资管理有限公司
120.1057463,30.28810709,杭州大浪投资管理有限公司
120.1084325,30.29254603,杭州商汇投资管理有限公司
120.1624291,30.28130248,杭州市德政评估中心
120.1617928,30.28520043,中国银河证券湖墅南路营业部
120.1572737,30.28534514,杭州富春江实业投资有限公司
120.1579751,30.27869659,宁波丰腾投资有限公司
120.1562979,30.28753913,中国邮政储蓄银行ATM
120.1561707,30.28673462,中国邮政储蓄银行ATM
120.1683224,30.27946171,利宝保险公司浙江省分公司
120.9471915,30.51847692,海盐农村信用合作联社营业部
120.9399573,30.52083891,安信保险代理
120.9539267,30.51844838,交通银行嘉兴海盐支行
120.9538848,30.51836391,交通银行ATM
120.9447572,30.52161596,中国建设银行海盐支行朝圣桥分理处
120.9478059,30.52316849,海盐县城市建设投资发展有限责任公司
120.9396551,30.51893332,海盐龙发担保有限公司
120.9478295,30.52396675,海盐县国有工业资产经营有限公司
120.9523038,30.51541852,中国农业银行ATM
120.9521304,30.51595628,中国邮政储蓄银行ATM
120.3164796,30.42031673,杭州力创房地产价格评估事务所
120.3039041,30.42495181,杭州经建投资有限公司
120.3138993,30.42794559,余杭市经贸发展投资有限公司
120.3203037,30.41758331,浩浩寄卖行
120.3121739,30.42421773,国华寄卖行
120.3108481,30.41277393,光大永明人寿保险余杭营销部
120.3098277,30.41233697,杭州银行余杭支行
120.3064691,30.42774053,杭州工信担保有限公司余杭分公司
120.3109115,30.42409659,中国工商银行杭州余杭支行藕花洲储蓄所自动取款机
120.3050579,30.4297162,中国邮政储蓄银行浙江省杭州市余杭区支行
120.6843501,30.52818164,中国工商银行ATM
120.6938783,30.52965855,中国建设银行海洲支行
120.5750699,30.0505153,绍兴市区农村信用合作联社蛟里分社
120.5706053,30.05209679,中国农业银行张市分理处
120.5722033,30.05037244,商业银行ATM
120.4913276,30.06848023,中国银行ATM
120.4947297,30.05300421,柯岩街道柯山股份经济合作社
120.4913276,30.06848023,中国银行绍兴轻纺城中心支行
120.4890881,30.06889944,中国建设银行ATM
120.5065731,30.09814582,中国工商银行(自动柜员机)
120.4984449,30.09367106,交通银行(轻纺城营业部)
120.5119361,30.09511507,绍兴柯桥万达广场投资有限公司
120.6829873,30.54016804,海宁市农村信用合作联社洛隆路分社
120.6865115,30.53360606,中国银行海宁支行开发区分理处
120.6939604,30.53299148,中国建设银行海宁长埭路第二支行
120.6843524,30.52776176,中国太平洋财产保险海宁支公司
120.6865115,30.53360606,中国银行ATM
120.6934433,30.53246788,中国工商银行海宁支行
120.3118982,30.43434078,中国建设银行ATM
120.3114515,30.43363768,中信金通证券临平服务部
120.3131316,30.4364014,浙商银行ATM
120.3078129,30.43181623,杭州银行ATM
120.3116434,30.43131715,中国人民保险余杭支公司
120.3116512,30.43045343,中国邮政储蓄银行ATM
120.3102815,30.44118321,上海浦东发展银行ATM
120.3122563,30.43365683,中国民生银行ATM
120.3110397,30.43068254,中国工商银行ATM
120.3078526,30.43215121,交通银行临平支行
120.0186878,30.35316507,余杭农村合作银行ATM
120.0186878,30.35316507,余杭农村合作银行大陆分理处
120.0466094,30.33501668,杭州联合银行ATM
120.1349034,30.2656777,中国工商银行求是支行
120.1348894,30.26398753,中国工商银行东山弄支行
120.1340674,30.26675126,杭州联合银行西湖支行
120.1428931,30.27593196,杭州银行ATM
120.1315626,30.27395829,中国农业银行ATM
120.1346793,30.26628658,中国农业银行(浙大支行营业中心)
120.1435053,30.27514607,中国工商银行(自动柜员机)
120.2617631,30.18810326,杭州银行萧山支行
120.2730945,30.18455918,萧山农村合作银行ATM
120.267044,30.18430233,中国工商银行ATM
120.2731059,30.18327235,广发银行萧山支行
120.2751721,30.18660685,中国民生银行萧山支行
120.2683612,30.18670043,交通银行金城路支行
120.277645,30.18634649,中国工商银行金城路支行
120.2726112,30.18464207,萧山农村合作银行高新支行
120.2605322,30.19204942,萧山农村合作银行城北支行俞家潭分理处
120.2717964,30.18664049,恒丰银行萧山支行
120.2835322,30.16558837,萧山农村合作银行ATM
120.2819137,30.16621411,交通银行萧山支行
120.278694,30.16594847,中国建设银行萧山支行
120.2911429,30.16965246,中国建设银行通惠路支行
120.2975084,30.17427907,中国民生银行二十四小时自助银行
120.2841459,30.17065487,太平洋人寿保险公司萧山支公司
120.2916354,30.17006476,杭州鑫峰投资管理有限公司
120.2786237,30.16597782,中国建设银行二十四小时自助银行
120.1099241,30.92270306,湖州银行南皋桥支行
120.1505631,30.92824969,吴兴农村合作银行ATM
120.1505631,30.92824969,吴兴农村合作银行塘甸分理处
120.1503762,30.92823304,农村合作银行吴兴支行塘甸分理处
120.2581863,30.9267547,吴兴农村合作银行太湖分理处
120.2580881,30.92667385,吴兴区农村信用联社太湖分社
120.3503949,30.9250069,吴兴农村合作银行ATM
120.3503949,30.9250069,吴兴农村合作银行洋西分理处
120.3502415,30.92498374,吴兴区农村信用合作联社
120.5325776,30.92763021,中国邮政储蓄银行(震泽邮局营业部)
120.0591863,30.38255144,余杭农村合作银行农贸市场分理处
120.0634403,30.37896982,中国人寿保险良渚营销二部
120.0616827,30.38528687,太平洋财产保险良渚分公司
120.0592759,30.38327688,交通银行良渚支行
120.0595864,30.38157746,中国农业银行ATM
120.0595864,30.38157746,中国农业银行良渚支行
120.0710705,30.39088732,杭州及时雨治保防治服务专业合作社
120.0115152,30.39420613,余杭农村合作银行长命分理处
120.1525406,30.39486302,余杭农村合作银行ATM
120.0466094,30.33501668,杭州联合银行双桥分理处
120.1338033,30.34233996,交通银行ATM
120.1374355,30.34896513,余杭农村信用合作社分理处
120.1375548,30.34901889,余杭农村合作银行运河分理处
120.2746517,30.19158828,滨盛典当
120.206695,30.26668927,中国邮政储蓄银行秋涛北路支行
120.172677,30.25409951,中国工商银行浣纱支行业务部
120.172677,30.25409951,中国工商银行浣纱支行业务部自动取款机
120.1793981,30.25468599,杭州银行市财政局ATM取款机
120.170679,30.25393051,中国建设银行延安南路支行
120.1776249,30.25237155,交通银行(离行式 南宋御街)
120.1770097,30.25292669,中国工商银行杭州羊坝头支行自助取款机
120.1748174,30.25653745,杭州银行官巷口ATM取款机
120.1732711,30.25677726,中国工商银行解放路支行井亭桥储蓄所
120.175533,30.25610579,亚泰金融大厦
120.146242,30.27614389,上海浦东发展银行(随行式自助银行)
120.1349717,30.26590416,中国工商银行(浙江省分行浙江省分行营业部西湖支行外东山弄储蓄所)
120.1366033,30.26585371,中国工商银行(自动柜员机)
120.0975302,30.87841292,中国银行金泉支行
120.0985,30.8680149,中国工商银行红丰支行
120.0975959,30.87839719,太平人寿保险湖州分公司
120.0951775,30.88310707,中国平安人寿保险湖州分公司
120.0976567,30.87753633,中国农业银行ATM
120.0984069,30.86925021,中国邮政储蓄银行ATM
120.0955149,30.88301549,中国工商银行ATM
120.0999595,30.86712814,中国银行红丰支行
120.0992061,30.88275027,中国工商银行经济开发区支行
120.7395418,30.76270382,中国太平洋人寿保险嘉兴中心支公司
120.7259931,30.76508035,嘉兴银行ATM
120.7217053,30.76428052,嘉兴市恒信投资咨询有限公司
120.7378949,30.76771988,嘉兴市公路建设投资有限公司
120.757277,30.77283753,威振投资禾辉少年路分行
120.7609007,30.77222999,嘉兴市嘉源土地评估有限公司
120.2886653,30.19895297,中国邮政储蓄银行萧山开发区储蓄所
120.2841061,30.19379571,中国人寿财产保险股份有限公司萧山区支公司
120.1097334,30.29277102,中国农业银行竞舟支行ATM取款机
120.1217772,30.28509112,交通银行ATM
120.1037745,30.29286746,中国工商银行高新支行华苑储蓄所自动取款机
120.1232931,30.29388848,中国工商银行ATM
120.1218947,30.29352434,杭州市建筑业劳务交易中心
120.1188711,30.29364058,杭州鼎轩投资管理有限公司
120.1213611,30.28420723,丰盛投资有限公司
120.118554,30.29331627,中国建设银行二十四小时自助银行
120.1207351,30.28609672,浙江三杭典当有限责任公司
120.1059219,30.28749414,交通银行ATM
120.4648277,30.18405688,萧山农村合作银行明朗分理处
120.4669967,30.18997674,中国工商银行杭州瓜沥支行
120.4671903,30.19152749,深圳发展银行萧东支行
120.4659792,30.18954111,瓜沥镇邮政储蓄所商贸街支行
120.4661727,30.19020915,萧山农村合作银行ATM
120.4652363,30.18761205,中国银行瓜沥支行
120.4669967,30.18997674,中国工商银行ATM
120.4617761,30.19219169,太平洋财产保险股份有限公司瓜沥支公司
120.4647345,30.19054371,杭州银行ATM
120.7552481,30.75874169,嘉兴梅湾街证券营业部
120.781798,30.76374244,嘉兴市银行东塔支行
120.7683005,30.76993167,嘉兴市中诚建设投资咨询有限公司
120.7755728,30.76170995,嘉兴市银行ATM
120.7761156,30.75183754,中国银行纺工路支行
120.7822618,30.75197169,中国建设银行ATM
120.7681744,30.76583525,中国工商银行ATM
120.7626409,30.76893997,中国建设银行ATM
120.7768871,30.76152507,中国农业银行南湖支行
120.1110819,30.87312351,湖州银行英士支行
120.1113211,30.87336876,建行湖州市城中支行行长室
120.1049025,30.87217155,华泰投资咨询有限公司
120.1109457,30.87045645,中国人民人寿保险股份有限公司湖州市中心支公司
120.1109641,30.86659436,中国工商银行ATM
120.1074241,30.87593632,湖商典当
120.1710433,30.19491883,中国农业银行杭州江南支行
120.1712229,30.19497033,中国邮政储蓄银行ATM
120.1778183,30.19373476,中国建设银行ATM
120.1788947,30.19438919,中国工商银行ATM
120.1686846,30.18992609,中国银行滨江支行
120.169086,30.18990206,上海浦东发展银行(滨江第六空间)
120.1690299,30.19087968,浙江天际创业投资有限公司
120.169086,30.18990206,中国建设银行(atm)
120.17297,30.19124467,招商银行(江南大道自助(恒生自助))
120.3633112,30.19284387,新街农村信用合作社双圩服务站
120.3448897,30.19711884,新街农村信用合作社
120.347641,30.19873791,中国邮政储蓄银行ATM
120.3450819,30.19709512,萧山农村合作银行ATM
120.2740752,30.20989753,中国银行ATM
120.2626475,30.21068964,萧山农村合作银行金鸡路分理处
120.7894101,30.76742137,中国工商银行ATM
120.7913925,30.75871865,中国工商银行ATM
120.7894194,30.7582983,南湖邮政支局邮政储蓄
120.7952269,30.76310738,嘉兴银行ATM
120.7556396,30.76041226,嘉兴银行个人金融服务中心
120.7500068,30.76655159,嘉兴汇丰担保有限公司
120.7610537,30.76886783,大金投资有限公司嘉兴联络处
120.7496591,30.75669155,中信银行ATM
120.7604743,30.76823854,中信银行ATM
120.7470085,30.76864294,嘉兴市中小企业担保公司
120.7499287,30.76791777,嘉兴市粮食资产经营公司
120.743206,30.76338108,中信银行ATM
120.7500068,30.76655159,诺基亚投资有限公司嘉兴办事处
120.7685664,30.77002755,上海浦东发展银行秀城支行
120.7814744,30.76809542,中国银行ATM
120.7144129,30.7685514,中国建设银行ATM
120.7144989,30.76819642,中国工商银行ATM
120.7045403,30.76284276,中国建设银行君特分理处
120.7139561,30.76879118,中国邮政储蓄银行ATM
120.7172728,30.76981687,中国农业银行江南摩尔分理处
120.7006455,30.7686206,中国工商银行(自动柜员机)
120.1119558,30.86892885,中国邮政储蓄银行ATM
120.1175236,30.86531383,中国建设银行ATM
120.1128103,30.8752081,中国工商银行ATM
120.1214081,30.88169156,中国银行ATM
120.106293,30.87075781,中国工商银行ATM
120.1142349,30.87403896,中国农业银行ATM
120.1116081,30.87341959,中国建设银行城中支行
120.2595526,30.87843493,康泰人寿保险股份有限公司湖州中心支公司织里营销服务部
120.2679802,30.87928904,中国农业银行ATM
120.2659502,30.87663285,中国人民财产保险股份有限公司湖州分公司织里营业部
120.265539,30.87547698,中国工商银行(织里支行营业部)
120.2680237,30.87650631,中国农业银行(棉布城支行)
120.7678004,30.77012142,中国人寿保险公司嘉兴分公司
120.7742233,30.7634734,中信银行ATM
120.7648616,30.76944886,浙江南湖投资有限公司
120.7829922,30.76778396,浙江嘉冶投资集团公司
120.7754885,30.76171677,嘉兴诚实担保有限公司
120.7625984,30.76954163,嘉兴市吴越拍卖有限公司
120.7760996,30.7519197,交通银行ATM
120.7767662,30.75134431,招商银行ATM
120.7682256,30.76584844,中国农业银行ATM
120.7824823,30.75836185,万家寄售调剂行
120.7380223,30.76736156,嘉兴金融担保有限公司
120.0252104,30.21549875,杭州联合银行ATM
120.0247558,30.21959485,中国建设银行ATM
120.0280677,30.22094119,中国农业银行ATM
120.0945655,30.21039611,杭州联合银行ATM
120.0934875,30.20796209,中国银行梅灵支行
120.0939747,30.20929112,杭州联合银行西湖支行
120.0945655,30.21039611,杭州联合银行梅家坞分理处
120.0603104,30.18794062,杭州联合银行ATM
120.0603104,30.18794062,杭州联合银行龙坞支行
120.0605649,30.18786015,杭州龙坞农村信用合作社
120.0634116,30.1923942,农村信用合作社唐家桥分社
120.1242768,30.19249971,杭州市区农村信用合作联社
120.1169906,30.1859615,杭州银行ATM
120.9376191,30.85816692,立邦三菱日立夏普松下空调器调剂处
120.4158355,30.86896209,浙江南浔农村合作银行营业大楼
120.4299994,30.88226493,南浔农村合作银行南浔支行
120.4281134,30.87279859,南浔银行ATM
120.4235318,30.87517919,中国建设银行适园路分理处
120.4293439,30.88209795,中国工商银行南浔区支行
120.4173681,30.87811592,中华联合财产保险南浔支公司
120.4295496,30.88243345,中国银行ATM
120.4115755,30.87233242,南浔农村合作银行二十四小时自助银行
120.4259217,30.8782437,中国工商银行ATM
120.4292289,30.88235357,交通银行南浔支行
120.2660998,30.88153807,老谢寄卖商店
120.4247899,30.88033902,南浔银行营业部
120.4135793,30.87651321,中国建设银行建材市场分理处
120.4295496,30.88243345,中国银行泰安路分理处
120.4302158,30.88018181,中国农业银行ATM
120.4116116,30.87243393,南浔银行ATM
120.4282913,30.88285557,中共中国农业银行南浔区支行委员会
120.4154266,30.8770326,中国人寿财产保险南浔区支公司
120.4292289,30.88235357,交通银行ATM
120.4147858,30.87723344,南浔农村合作银行南林支行
120.4270359,30.87427956,友邦典当
120.6565009,30.90875826,交通银行盛泽支行
120.6668092,30.90807026,中国银行东方广场支行
120.6660945,30.90772943,中国建设银行盛泽广场分理处
120.6547917,30.90456688,中国建设银行东方丝绸市场分理处
120.130507,30.25000908,中国工商银行ATM
120.1305701,30.25006788,中国工商银行(自动柜员机)
120.129656,30.25529088,浙江华瓯创业投资有限公司
120.1379985,30.2454306,泽里和投资管理有限公司
120.1301966,30.24711251,杭州联合银行西湖支行茅家埠分理处ATM取款机
120.130773,30.24481364,东方证券股份有公司杭州龙井路证券营业部
120.3001771,30.23095779,萧山农村合作银行通惠路分理处
120.3141817,30.23877964,中国农业银行ATM
120.1417121,30.22082424,杭州联合银行四眼井分理处
120.1409234,30.20273522,杭州锦江实业投资有限公司
120.1766957,30.21916879,招商银行ATM
120.1782619,30.21764321,天松健康银行
120.5217009,30.85530855,青云九洲保险粉有限公司
120.5217694,30.85546534,九洲保险粉有限公司
120.534547,30.84886948,中国银行吴江市铜罗分理处
120.5353273,30.84706955,中国邮政储蓄银行铜锣支行
120.5354383,30.84678633,吴江农村商业银行ATM
120.5353273,30.84706955,中国邮政储蓄银行ATM
120.5354383,30.84678633,吴江农村商业银行铜罗支行
120.5342448,30.84856673,中国农业银行ATM
120.5342448,30.84856673,中国农业银行铜罗支行
120.0577948,30.24815305,杭州市联合农村合作银行留下支行
120.0559305,30.25022262,杭州余杭友谊股份经济合作社
120.047161,30.25195874,余杭区五常农村信用合作社
120.0471148,30.25201442,余杭农村合作银行五常支行
120.0381621,30.24427444,浙商银行ATM
120.0381621,30.24427444,浙商银行西溪支行
120.0413904,30.24740266,中国农业银行ATM
120.0383992,30.25023159,中国工商银行ATM
120.0397211,30.24302007,余杭农村合作银行ATM
120.5035372,30.24418662,萧山农村合作银行ATM
120.5035704,30.24425619,靖江农村信用合作社
120.5035372,30.24418662,萧山农村合作银行甘露分理处
120.4889517,30.25868226,浙商银行ATM
120.4889517,30.25868226,浙商银行萧东支行
120.5327417,30.25474347,萧山农村合作社银行老埠头服务站
120.3141817,30.23877964,中国农业银行鸿达路分理处
120.0110511,30.236118,闲林中心农村信用合作社
120.0138075,30.23664204,余杭农村合作银行ATM
120.0138075,30.23664204,余杭农村合作银行缸窑桥分理处
120.3438399,30.22603906,大恩实业
120.1020272,30.88634216,交通银行湖州凤凰支行
120.0948873,30.88486138,浙江湖州汇源典当公司
120.0893611,30.89162084,中国银行ATM
120.0920056,30.89338824,中国农业银行仁皇山支行
120.0988523,30.88618426,大众保险湖州分公司
120.7744107,30.86322367,中国邮政栖真邮政储蓄所
120.7743978,30.8633338,栖真邮政储蓄所
120.7754497,30.86334837,禾城农村合作银行栖真分理处
120.7753114,30.86334387,浙江禾志农村合作银行油车港支行
120.7743978,30.8633338,中国邮政储蓄银行ATM
120.8313227,30.85743624,杨庙农村信用合作社
120.8313127,30.85744406,嘉善农村合作银行杨庙分行
120.8319182,30.85467255,中国邮政储蓄银行ATM
120.8290248,30.85947374,太平洋财产保险股份有限公司杨庙服务点
120.8313127,30.85744406,嘉善农村合作银行ATM
120.8319262,30.85470968,杨庙邮政储蓄所
120.9380081,30.84942142,国有资产投资公司
120.9380081,30.84942142,嘉善县资产经营有限公司
120.9421637,30.85402919,嘉兴银行嘉善支行
120.9425467,30.85065542,中国银行二十四小时自助银行
120.9424819,30.8506262,聚力源典当
120.9403237,30.84927005,中国建设银行ATM
120.9544185,30.86076551,中国农业银行ATM
120.2144132,30.26160078,杭州联合银行ATM
120.2217993,30.26511507,杭州联合银行五福分理处
120.2217993,30.26511507,杭州联合银行ATM
120.2134359,30.26037026,招商银行ATM
120.2144132,30.26160078,杭州联合银行四季青支行
120.2139889,30.26826367,浙江佰邦担保有限公司
120.213362,30.26029204,招商银行(之江支行)
120.2140419,30.26667351,中信银行ATM
120.1410152,30.30529559,上海浦东发展银行和睦支行
120.1443285,30.30173084,杭州联合银行塘河分理处
120.1269475,30.30890355,杭州市阮家桥股份经济合作社
120.1324635,30.31445036,中国邮政储蓄银行ATM
120.1456988,30.30281226,中国建设银行ATM
120.5327177,30.25469075,萧山农村合作银行老埠头分理处
120.1306823,30.24616041,杭州联合银行ATM
120.1355181,30.2441367,中山证券杨公堤营业部
120.1355181,30.2441367,深圳证券信息浙江办事处
120.1391874,30.25860505,中国民生银行ATM
120.1302563,30.24563495,杭州联合银行茅家埠分理处
120.130725,30.24477792,西湖农村信用合作社茅家埠分社
120.130773,30.24481364,东方证券龙井路营业部
120.1392222,30.25852379,中国民生银行(北山路)
120.1370481,30.24142677,上海浦东发展银行ATM
120.1436244,30.25888432,中国银行ATM
120.2743646,30.22496942,浙江红博苑投资有限公司
120.2764352,30.2217393,浙江稠州商业银行萧山支行
120.2688824,30.22170255,萧山农村合作银行ATM
120.10209,30.88617225,交通银行ATM
120.102104,30.88593354,交通银行太平洋信用卡中心
120.0894821,30.89192051,湖州汇科高盛科技金融服务中心
120.3776313,30.86782519,浙江南浔农村合作银行东迁支行
120.3776313,30.86782519,浙江南浔农村合作银行ATM
120.0610658,30.88282233,浙江香飘飘食品有限公司
120.0772134,30.86799746,浙江安信资产管理有限公司
120.0690656,30.88021249,温得福远洋投资有限公司
